season,team,avg_age_toi,pct_under_25,pct_over_32,pts_top1_share,pts_top3_share,pts_top6_share,pts_gini,toi_gini,toi_top4D_avg,goalie_top_start_pct,goalie_sv_pct,pp_pct,pk_pct,shots_for_pg,shots_against_pg,team_points,games_played,cap_hit_total,cap_pct_ceiling,cap_hit_top1,cap_top1_share,cap_top3_share,cap_gini,cap_fwd_pct,cap_def_pct,cap_goalie_pct
20172018,ANA,27.869439427669835,0.3278106508875739,0.2781065088757396,0.0991501416430594,0.2592067988668555,0.4419263456090651,0.5822619307038572,0.4930577009002974,22.80437708333333,0.7441860465116279,,0.176991,0.82313,30.31395,33.08139,101.0,86.0,78322501.0,1.0443000133333333,8625000.0,0.11012161115743738,0.30323342202772613,0.47648630860693464,0.6539982424718537,0.30769858842990727,0.03830316909823909
20172018,ARI,25.670354162284543,0.4298674110258199,0.1074668527564549,0.1212686567164179,0.3097014925373134,0.5223880597014925,0.5437810945273631,0.4235308444309831,22.198291666666663,0.5,,0.168724,0.8,29.87804,32.21951,70.0,82.0,58082498.0,0.7744333066666667,6500000.0,0.1119097873510881,0.30086515907080996,0.42784049885249287,0.4684715523082358,0.44999213015941564,0.08153631753234855
20172018,BOS,27.752898878497906,0.358267716535433,0.187289088863892,0.1181923522595596,0.3256083429895712,0.52954808806489,0.5699338831708813,0.4109147172479532,21.366107083333336,0.6914893617021277,,0.25,0.824373,32.77659,29.25531,122.0,94.0,87020001.0,1.16026668,7800000.0,0.08963456573621506,0.2533900223696849,0.480858293783315,0.6823766526962003,0.2233921371708557,0.09423121013294404
20172018,BUF,26.053949933273447,0.4257221458046767,0.0894085281980742,0.130346232179226,0.3564154786150713,0.5987780040733197,0.6141727566790465,0.4440727324175295,22.118401666666664,0.6097560975609756,,0.190661,0.778724,31.18292,32.69512,62.0,82.0,66292024.0,0.8838936533333334,6000000.0,0.09050862589442132,0.2564411067008604,0.44380024460660095,0.5029136989391062,0.37791661029990575,0.11916969076098807
20172018,CGY,26.83294936651318,0.3987261146496815,0.1681528662420382,0.1361426256077795,0.3192868719611021,0.5299837925445705,0.5337115072933549,0.4050794496238195,22.674206666666667,0.6875,,,,,,,,73941709.0,0.9858894533333333,6750000.0,0.09128812535290468,0.2687928135391082,0.4479399297558009,0.5844581303902511,0.3587403693901638,0.05680150021958513
20172018,CAR,25.21624714680584,0.5356401384083045,0.0823529411764705,0.1069078947368421,0.2960526315789473,0.524671052631579,0.5157424812030074,0.3976882493378602,21.154947916666668,0.5121951219512195,,0.1841,0.77487,33.90243,28.86585,83.0,82.0,59146666.0,0.7886222133333334,6000000.0,0.10144274235169908,0.2799537847154394,0.421194340278068,0.7075349437278511,0.16650698451878929,0.12595807175335968
20172018,CHI,26.90476974925354,0.4717407686510927,0.175584024114544,0.1340388007054673,0.3174603174603174,0.527336860670194,0.4849458301839253,0.396549402181849,20.94854875,0.3658536585365853,,0.159851,0.79149,34.06097,32.89024,76.0,82.0,79060544.0,1.0541405866666667,10500000.0,0.13280960980991985,0.35257789270966816,0.5233373158789407,0.607050578857641,0.29011683754667816,0.1028325835956808
20172018,COL,24.85269204849634,0.6376456161863887,0.0,0.1434540389972144,0.362116991643454,0.564066852367688,0.5613262647138109,0.3851420303330046,22.589834166666662,0.5340909090909091,,0.171314,0.751038,33.60227,31.70454,101.0,88.0,67906428.0,0.90541904,6300000.0,0.0927747222987491,0.26948847905827117,0.4543441709720517,0.5488767867454315,0.30386174928830006,0.1472614639662684
20172018,CBJ,25.745730723135605,0.5283648498331479,0.0956618464961067,0.1164921465968586,0.2709424083769634,0.4607329842931937,0.5289454001495888,0.4140980118948543,21.669612916666665,0.8068181818181818,,,,,,,,78207141.0,1.04276188,7425000.0,0.09494017943962432,0.2464608698584187,0.4465968402699041,0.5899503729461226,0.30360154707611675,0.1064480799777606
20172018,DAL,27.09882457047887,0.3619718309859155,0.1366197183098591,0.1314475873544093,0.3810316139767055,0.6039933444259568,0.4857122187658251,0.3115800949936738,21.48931041666667,0.6219512195121951,,0.192622,0.80783,31.21951,29.84146,92.0,82.0,75837188.0,1.0111625066666667,9500000.0,0.12526835778773865,0.30657782300683406,0.4671815890641937,0.605474717759841,0.24332417230449,0.15120110993566901
20172018,DET,29.30137089262304,0.3009359251259899,0.3066954643628509,0.1153846153846153,0.3058608058608059,0.5036630036630036,0.4284188034188034,0.3254770578043111,20.60216458333333,0.890625,,0.175213,0.775194,30.36585,31.86585,73.0,82.0,62556943.0,0.8340925733333333,6000000.0,0.09591261516727248,0.26522501267365317,0.43644514406658264,0.5536955346427335,0.2879820550054692,0.1583224103517974
20172018,EDM,24.92008489368514,0.6684370257966616,0.0500758725341426,0.1932021466905187,0.404293381037567,0.5778175313059034,0.5161001788908766,0.3767270481993525,20.69945,0.788235294117647,,0.147619,0.767347,33.41463,32.12195,78.0,82.0,65196165.0,0.8692822,8500000.0,0.1303757667341323,0.31443567271173084,0.4638775644753541,0.539909057534289,0.3683805481503398,0.09171039431537116
20172018,FLA,25.83642340102236,0.4237175216522318,0.0779480346435709,0.1203703703703703,0.3364197530864197,0.5740740740740741,0.535163139329806,0.4050762737117133,21.994116666666667,0.5121951219512195,,,,,,,,71968333.0,0.9595777733333334,7500000.0,0.10421250135111508,0.2744262535579364,0.451013169454219,0.5672865453198701,0.291216040810616,0.14149741386951398
20172018,LAK,28.01546210630836,0.22397476340694,0.2195583596214511,0.1446153846153846,0.3323076923076923,0.5307692307692308,0.5642890442890443,0.4685382308632928,23.34731,0.943661971830986,,,,,,,,83586019.0,1.1144802533333333,10000000.0,0.11963723263336659,0.2871293583200798,0.49057863264298907,0.5972816339057851,0.31822457054689973,0.08449379554731516
20172018,MIN,28.210640678034345,0.2712550607287449,0.3272604588394062,0.1147058823529411,0.3117647058823529,0.5352941176470588,0.5670036764705881,0.4789226526452019,24.228635,0.735632183908046,,0.205533,0.810527,29.90804,31.47126,103.0,87.0,80371089.0,1.07161452,7538462.0,0.09379569312542226,0.2715768104125104,0.4599868348648355,0.6218358818057075,0.31616006845446626,0.06200404973982622
20172018,MTL,26.071549407331407,0.4776437189496096,0.0248403122782115,0.1050583657587548,0.2937743190661478,0.5155642023346303,0.4882597611699986,0.3640096236007675,22.0866675,0.5853658536585366,,,,,,,,72421307.0,0.9656174266666666,7857143.0,0.10849214582664188,0.28109328377627874,0.4759345474422636,0.4806366170663007,0.3956083670238097,0.12375501590988962
20172018,NSH,26.86071305954956,0.3111500291885581,0.0548744892002335,0.0987654320987654,0.2691358024691358,0.491358024691358,0.4493827160493826,0.3290831771676561,24.07700041666667,0.7578947368421053,,,,,,,,64672498.0,0.8622999733333333,8000000.0,0.12370018551007571,0.32471298696394874,0.45287699595869335,0.628384031184322,0.25267050918614586,0.11894545962953217
20172018,NJD,26.61418058658274,0.3807531380753138,0.173341303048416,0.140625,0.2840909090909091,0.4630681818181818,0.4957386363636364,0.3751241348809322,20.93329375,0.4831460674157303,,,,,,,,70925834.0,0.9456777866666667,6000000.0,0.08459540990381587,0.2502614209654553,0.43119022138697916,0.539659977773402,0.31934767238690487,0.1409923498396931
20172018,NYI,26.477831825543223,0.2984189723320158,0.0592885375494071,0.1178918169209431,0.332871012482663,0.5589459084604715,0.5221674876847291,0.338682685608201,20.15915833333333,0.5975609756097561,,,,,,,,78754999.0,1.0500666533333334,6000000.0,0.07618563997442244,0.22220811659206546,0.40824789539709094,0.5934649684904446,0.2988170058893658,0.10771802562018952
20172018,NYR,26.203734366164657,0.4390426327599102,0.0396409872849663,0.0976058931860036,0.2725598526703499,0.5082872928176796,0.5379908513039862,0.4094716494686585,20.55419375,0.7439024390243902,,,,,,,,84766666.0,1.1302222133333333,8500000.0,0.10027526622316371,0.27074321880254204,0.464882315211703,0.5381930793408815,0.3277329911736767,0.13407392948544183
20172018,OTT,26.87533842533061,0.2987398072646405,0.0867309117865085,0.1156716417910447,0.3414179104477612,0.5839552238805971,0.6294243070362475,0.5269280336246369,20.733600000000003,0.6707317073170732,,0.165991,0.761703,30.67073,33.07317,67.0,82.0,86491248.0,1.15321664,7250000.0,0.08382351009665163,0.23990866682834777,0.4543757762166405,0.6407440091510762,0.2829476920023168,0.076308298846607
20172018,PHI,26.330668921978837,0.4413030116779348,0.0854333128457283,0.1428571428571428,0.3782312925170068,0.5986394557823129,0.5481481481481483,0.3500140947042329,20.832759166666666,0.4339622641509434,,0.198581,0.762097,31.57954,29.90909,102.0,88.0,75968183.0,1.0129091066666667,8275000.0,0.10892718073828356,0.2833423039748101,0.4350153927818263,0.6281233684370205,0.238608668579055,0.13326796298392446
20172018,PIT,27.54173859881097,0.2068155111633372,0.0246768507638072,0.1260022909507445,0.3631156930126002,0.581901489117984,0.5860399807855745,0.4274733641351191,21.19536,0.6263736263736264,,0.256578,0.803987,33.74468,30.55319,112.0,94.0,85000521.0,1.13334028,9500000.0,0.11176402083464877,0.30823340482818923,0.49724639885138977,0.6005453425397239,0.33173939016209086,0.06771526729818515
20172018,STL,27.367616438747884,0.3486506199854121,0.2224653537563822,0.1236749116607773,0.3445229681978798,0.5830388692579506,0.5416830257819658,0.4056088438641887,22.30699291666667,0.6829268292682927,,,,,,,,77849166.0,1.03798888,7500000.0,0.09634014576341127,0.2697524081375515,0.4650499462854445,0.611139058316951,0.31853263527575876,0.07032830640729022
20172018,SJS,28.158642094078687,0.2985811227637261,0.2048118445404071,0.094147582697201,0.2811704834605598,0.4770992366412214,0.418770796633392,0.355745757083814,21.749500416666667,0.7608695652173914,,,,,,,,70166667.0,0.93555556,8000000.0,0.11401425123983729,0.3135391909095525,0.44020712227930114,0.6544655598362681,0.2938717325706806,0.05166270759305127
20172018,TBL,26.80651438332992,0.3613396004700352,0.1556991774383078,0.1294247787610619,0.3329646017699115,0.5575221238938053,0.4984683458134784,0.345827458728918,23.33005375,0.7788461538461539,,,,,,,,78262500.0,1.0435,8500000.0,0.10860884842676889,0.2833413192780706,0.44808824149496873,0.5680349337166587,0.3607304392269606,0.07123462705638077
20172018,TOR,27.105330831153683,0.4220183486238532,0.1788990825688073,0.0895522388059701,0.2537313432835821,0.4603903559127439,0.4788748564867966,0.3624978746617993,21.992244166666666,0.8202247191011236,,0.251046,0.801588,31.8764,33.94382,111.0,89.0,73403332.0,0.9787110933333333,6250000.0,0.08514599854949365,0.23500295599660245,0.4110373559064049,0.5931610706718328,0.3135189149179223,0.09332001441024503
20172018,VAN,27.17871542416544,0.461340206185567,0.1759020618556701,0.097173144876325,0.2826855123674912,0.4752650176678445,0.4909519220473284,0.3530158648256072,20.917189166666667,0.6951219512195121,,0.214574,0.782609,30.04878,32.20731,73.0,82.0,80930834.0,1.0790777866666668,7000000.0,0.08649361008685515,0.24712460024815758,0.4412841649450938,0.638683236601763,0.27369049477483454,0.08762626862340255
20172018,VGK,27.34514628650832,0.202538949798038,0.1148297749567224,0.1246648793565683,0.3351206434316354,0.5589812332439679,0.5545129579982127,0.4344543666601796,21.09326583333333,0.6470588235294118,,,,,,,,62029166.0,0.8270555466666667,5750000.0,0.09269832839603227,0.2587492470880553,0.43328785949661164,0.5999059700399647,0.2853630661421435,0.11473096381789173
20172018,WSH,28.00012385045247,0.2275449101796407,0.1148611867174741,0.1280623608017817,0.3596881959910913,0.5957683741648107,0.5763766223792335,0.4424672186519403,22.6145625,0.7169811320754716,,,,,,,,74619295.0,0.9949239333333333,9538462.0,0.12782835860349526,0.32214807175543536,0.5009460290028387,0.5643553051526419,0.3337943624366861,0.10185033241067207
20172018,WPG,26.383893192093492,0.5119490175252257,0.1088688263409453,0.120950323974082,0.2958963282937365,0.5064794816414687,0.4998560115190784,0.3594092472509056,22.03835875,0.8181818181818182,,,,,,,,72456666.0,0.96608888,7600000.0,0.10489028021245139,0.28603303386882306,0.4547407678588651,0.5444978658002287,0.34309011678787427,0.11241201741189692
20182019,ANA,26.499483176492127,0.4164110429447852,0.1280674846625767,0.1012658227848101,0.2827004219409282,0.4978902953586498,0.5712611345522738,0.4790552857892276,21.696034583333336,0.6404494382022472,,0.169811,0.797048,27.69512,33.2317,80.0,82.0,91399957.0,1.1496849937106919,8625000.0,0.09436547109097655,0.25984694938094993,0.468991497863563,0.6305371456575193,0.32515211139541345,0.04431074294706725
20182019,ARI,26.50696481698013,0.4089012517385257,0.0987482614742698,0.0885122410546139,0.2485875706214689,0.4500941619585687,0.403292181069959,0.324276549434118,21.175820416666667,0.6111111111111112,,0.16279,0.849558,30.7439,30.81707,86.0,82.0,59646388.0,0.7502690314465409,6500000.0,0.10897558457353695,0.2929766677573167,0.4316959823702988,0.4547728020010197,0.4173764889166465,0.1278507090823337
20182019,BOS,27.348430763120547,0.3636363636363636,0.1848484848484848,0.1308510638297872,0.3393617021276596,0.5659574468085107,0.5936761229314422,0.4268701247605269,21.67790125,0.6509433962264151,,0.273846,0.817892,32.66981,29.81132,137.0,106.0,86945000.0,1.0936477987421385,7250000.0,0.08338604865144632,0.24296969348438668,0.4754217120795532,0.6288841566507563,0.2589759848179884,0.1121398585312554
20182019,BUF,25.237212736194184,0.50265604249668,0.0577689243027888,0.1333333333333333,0.3414634146341463,0.5398373983739837,0.5427100271002709,0.3968799780086733,22.46804541666667,0.5853658536585366,,0.194915,0.809303,32.89024,32.9756,76.0,82.0,79619523.0,1.0015034339622642,10000000.0,0.12559733622116775,0.27286021294048696,0.41382090554778683,0.6211102269477299,0.3349307053748614,0.04395906767740872
20182019,CGY,26.257715975242,0.4522924411400247,0.0514250309789343,0.1218026796589525,0.3215590742996346,0.5724725943970768,0.5721582649011827,0.4363325451013098,21.905564166666668,0.5172413793103449,,,,,,,,76706708.0,0.964864251572327,6750000.0,0.08799751906964903,0.25910380614952216,0.44895411146223774,0.6305619711903162,0.3590086932162439,0.010429335593439885
20182019,CAR,25.37387853236811,0.502301495972382,0.0558112773302646,0.1227390180878553,0.3113695090439276,0.4948320413436692,0.5175977902521607,0.4269159850688555,21.77911083333333,0.5257731958762887,,0.163879,0.793104,33.80412,28.41237,115.0,97.0,72834999.0,0.9161635094339623,6000000.0,0.0823779787516713,0.23409075628599926,0.4331230258067986,0.5085238348118876,0.39108944039389637,0.10038672479421604
20182019,CHI,26.910577242972856,0.4767363452461227,0.1456507080242751,0.1508916323731138,0.3662551440329218,0.5912208504801097,0.5530570252792475,0.3741283718190566,21.046912916666667,0.4756097560975609,,0.20168,0.727273,32.54878,34.78048,84.0,82.0,82175127.0,1.033649396226415,10500000.0,0.12777589014252452,0.33921456549741624,0.504112414925139,0.5531580377113381,0.32797996162512777,0.11886200066353411
20182019,COL,25.98917474596602,0.4419024683925346,0.0565924142083082,0.1415929203539823,0.3742098609355246,0.5802781289506953,0.5894539374413768,0.464477735570461,20.748915,0.5212765957446809,,0.166666,0.848889,31.65217,29.90217,110.0,92.0,73432261.0,0.9236762389937107,6300000.0,0.0857933545039557,0.24784746856698311,0.42308823816598107,0.5262981348211517,0.3479624030642336,0.12573946211461473
20182019,CBJ,25.870475738117868,0.3717067583046964,0.0418098510882016,0.1168057210965435,0.2920143027413587,0.5029797377830751,0.5767019561102154,0.4654760589925648,22.76469458333333,0.7717391304347826,,,,,,,,86632776.0,1.0897204528301887,7425000.0,0.0857065921562989,0.22422229665132742,0.4437423973841692,0.6410808075687198,0.26282392243785424,0.09609526999342605
20182019,DAL,27.48308309542017,0.3243540406816932,0.2468389224848818,0.1309352517985611,0.339568345323741,0.5280575539568345,0.5921262989608314,0.4523634918606807,22.973294166666665,0.6105263157894737,,0.212,0.843637,30.78947,32.0421,107.0,95.0,91965832.0,1.1568029182389936,9500000.0,0.10329923400247171,0.2528112832165755,0.42797262481446063,0.6638425562224023,0.25551154694060724,0.0806458968369905
20182019,DET,28.078646814010654,0.4621461487820935,0.2330480579328505,0.1258620689655172,0.3017241379310345,0.5051724137931034,0.5551724137931036,0.3872062647603851,20.889661666666665,0.6341463414634146,,0.180555,0.771429,29.19512,33.67073,74.0,82.0,71855275.0,0.9038399371069182,6100000.0,0.0848928627717311,0.23333938948810648,0.4249208361007595,0.6146382433300825,0.2699677789835193,0.11539397768639811
20182019,EDM,25.9965489690352,0.3616010854816825,0.0753052917232021,0.1914191419141914,0.4785478547854785,0.6551155115511551,0.6331310550409881,0.4190290021656153,22.462374166666667,0.8095238095238095,,0.211711,0.747968,29.17073,31.69512,79.0,82.0,93050748.0,1.1704496603773584,12500000.0,0.13433529841157216,0.2901642445689958,0.45136193007412695,0.58563920410398,0.3345342909011328,0.0798265049948873
20182019,FLA,26.51544924930215,0.436418359668924,0.1188863807373965,0.1454545454545454,0.3909090909090909,0.65,0.603448275862069,0.4550031213295646,19.999236666666665,0.5063291139240507,,,,,,,,90902499.0,1.1434276603773585,7500000.0,0.08250598259130368,0.21726575415709967,0.4322037654994624,0.5741041288644881,0.3155212047580782,0.11037466637743369
20182019,LAK,28.495763905473112,0.33467417538214,0.2244569589702333,0.1276595744680851,0.3319148936170212,0.5468085106382978,0.5197793538219071,0.449711831387459,21.45770458333333,0.5609756097560976,,,,,,,,90408421.0,1.1372128427672956,10000000.0,0.1106091654891307,0.2654619971739137,0.48217695751404155,0.5942994071315547,0.3125123709438527,0.09318822192459263
20182019,MIN,27.96561794427257,0.2461016949152542,0.2603389830508474,0.1127541589648798,0.2957486136783734,0.5249537892791127,0.4912199630314231,0.3807812058628652,23.68903,0.8048780487804879,,0.203319,0.816667,31.30487,29.5,83.0,82.0,89312090.0,1.1234225157232705,7538462.0,0.08440584023954652,0.23599183492402875,0.44097761008615977,0.6151029272744597,0.32910022596044947,0.05579684676509082
20182019,MTL,26.6685984308516,0.3146766169154228,0.0864427860696517,0.1048034934497816,0.2663755458515284,0.487627365356623,0.4840853954391071,0.3201839186232083,21.280775416666664,0.7804878048780488,,,,,,,,80782975.0,1.0161380503144655,10500000.0,0.12997788209706315,0.2953238971454072,0.4627148105227401,0.5281331369635743,0.3208449428855523,0.15102192015087337
20182019,NSH,28.11894092181769,0.1122868900646678,0.1040564373897707,0.0932203389830508,0.2542372881355932,0.4604519774011299,0.5486682808716707,0.4724672938185033,23.88997333333333,0.6931818181818182,,,,,,,,79562498.0,1.0007861383647798,8000000.0,0.1005498846956766,0.26394344732615105,0.4662823264632374,0.7118617366689517,0.18130401084189188,0.10683425248915639
20182019,NJD,26.07168196564064,0.4897209985315712,0.1607929515418502,0.0941619585687382,0.2693032015065913,0.480225988700565,0.5470809792843692,0.4485071437585157,20.96988208333333,0.4634146341463415,,,,,,,,72565832.0,0.9127777610062893,6000000.0,0.08268354175281832,0.24460547768542087,0.4472447166728961,0.5696895888963279,0.3207891697569181,0.10952124134675394
20182019,NYI,27.43808324131438,0.2882716049382716,0.1166666666666666,0.1068111455108359,0.2910216718266253,0.5061919504643962,0.4430816861157418,0.3335767443438033,20.34572166666667,0.5666666666666667,,,,,,,,71542499.0,0.8999056477987422,6000000.0,0.08386623453005185,0.24460985071265123,0.368016604445919,0.6259798948314623,0.2970262472939336,0.07699385787460401
20182019,NYR,25.31945665037828,0.4462444771723122,0.0,0.1439688715953307,0.3190661478599221,0.5155642023346303,0.5007926214151897,0.3948762951681974,20.286946666666665,0.6341463414634146,,,,,,,,84140832.0,1.0583752452830189,8500000.0,0.10102110708864871,0.24779883327039123,0.429930119249164,0.5378086349324428,0.351751525347408,0.11043983972014919
20182019,OTT,25.11748353734376,0.5290819901892081,0.0,0.1039697542533081,0.2797731568998109,0.502835538752363,0.5991927655443725,0.4890224896402126,21.25992375,0.5340909090909091,,0.203539,0.791667,29.62195,35.7439,64.0,82.0,76625415.0,0.9638416981132075,7350000.0,0.09592117706638195,0.26884030579149226,0.4477756507835138,0.655488547761862,0.1864698938335277,0.15804155840461026
20182019,PHI,25.46876049381073,0.5137481910274964,0.0340086830680173,0.1349206349206349,0.3603174603174603,0.573015873015873,0.5373626373626372,0.4143327138090511,20.551259166666668,0.3232323232323232,,0.17094,0.784811,31.5,32.5,82.0,82.0,82170138.0,1.033586641509434,8275000.0,0.10070568458823813,0.2862962211405803,0.47015465913203447,0.6209778180000136,0.21888190086768505,0.16014028113230136
20182019,PIT,28.025209998003355,0.3596549435965494,0.0975447909754479,0.1374149659863945,0.3564625850340136,0.5863945578231292,0.5694784580498866,0.4077393391737449,21.667895,0.627906976744186,,0.238493,0.8,33.3372,33.23255,100.0,86.0,99154167.0,1.2472222264150943,9500000.0,0.09581039594634484,0.26423498671518264,0.4565754989674542,0.6123208820865794,0.3362440632474881,0.0514350546659325
20182019,STL,27.57605128896997,0.298399586990191,0.151781104801239,0.1162790697674418,0.291860465116279,0.4988372093023255,0.5005613472333601,0.3948037395364974,21.990065833333336,0.5544554455445545,,,,,,,,78564999.0,0.9882389811320754,7500000.0,0.09546235722602123,0.2513842073618559,0.45480251942561556,0.5255839053724165,0.38849997312416434,0.0859161215034191
20182019,SJS,28.81660765629949,0.1805483704086911,0.1795137092602172,0.0991983967935871,0.2785571142284569,0.4979959919839679,0.5071522355054936,0.3798518591485247,23.09879291666667,0.803921568627451,,,,,,,,82189167.0,1.033826,8000000.0,0.09733642877777311,0.26767517913887606,0.4271017030748103,0.5424579494764803,0.3644640905047742,0.09307796001874553
20182019,TBL,26.73251213147205,0.2800729040097205,0.1476306196840826,0.1433296582138919,0.3561190738699007,0.523704520396913,0.460308710033076,0.2823467264472885,21.2064525,0.6627906976744186,,,,,,,,74556666.0,0.9378196981132075,8500000.0,0.11400724383249648,0.29742478023360114,0.4528082970201881,0.5381812539739907,0.39073187634221734,0.07108686968379192
20182019,TOR,26.77233810693027,0.4882688649334178,0.1122384273937856,0.1200980392156862,0.3308823529411764,0.5392156862745098,0.4670588235294117,0.3243507583973359,21.418017916666667,0.7282608695652174,,0.215859,0.781819,33.25842,33.3146,106.0,89.0,74736111.0,0.9400768679245283,11000000.0,0.14718453840874862,0.36833302712259136,0.49257429002179176,0.5880394017291052,0.31863222050716555,0.09332837776372924
20182019,VAN,25.89451535281741,0.4576737783895389,0.1335168616655196,0.1168141592920354,0.3238938053097345,0.4902654867256637,0.504025121324579,0.3876612544320286,21.75254791666667,0.8571428571428571,,0.171314,0.811024,29.67073,31.67073,81.0,82.0,89509583.0,1.1259067044025157,6000000.0,0.06703192886062266,0.18583205778089704,0.39187901283150883,0.5571377312750971,0.3468669606024195,0.09599530812248337
20182019,VGK,27.87458844870652,0.1569945021380574,0.1343921808185705,0.0966887417218543,0.2635761589403974,0.4807947019867549,0.4470671712393566,0.3327210355479966,20.895149166666663,0.7640449438202247,,,,,,,,83205000.0,1.0466037735849056,7350000.0,0.08833603749774653,0.2453878973619374,0.39791993956407135,0.6173006429902049,0.3135929331170002,0.06910642389279491
20182019,WSH,28.288510295854657,0.2586731588557516,0.0900791235544735,0.1221945137157107,0.3216957605985037,0.5448877805486284,0.502447584741849,0.3501694863229232,22.23548875,0.7303370786516854,,,,,,,,79870128.0,1.0046556981132075,9538462.0,0.11942464897514625,0.31724579181843804,0.4873668218541536,0.5874344160309847,0.3280533868682419,0.0845121971007734
20182019,WPG,26.36744989433613,0.3707865168539326,0.0958013010053222,0.1170731707317073,0.3121951219512195,0.5073170731707317,0.4945332211942808,0.3678977016037406,22.41472458333333,0.7727272727272727,,,,,,,,84746667.0,1.0659958113207548,7600000.0,0.089679043070803,0.23471916600566722,0.4417194114662675,0.5222427685563138,0.3896515009846936,0.08810573045899256
20192020,ANA,26.724014191156705,0.3721498371335505,0.0741042345276873,0.0977272727272727,0.2886363636363636,0.5022727272727273,0.4872727272727271,0.3685684893421086,21.16064625,0.7183098591549296,,0.146739,0.769954,29.66197,32.14084,67.0,71.0,76439715.0,0.9379106134969325,8250000.0,0.10792818890023334,0.27668862972605274,0.4656855548311385,0.5781352403001503,0.3283269959863142,0.09353776371353556
20192020,ARI,27.64841383507381,0.3602836879432624,0.1858156028368794,0.0907504363001745,0.2582897033158813,0.4746945898778359,0.439723452812458,0.3277076557948934,22.020535,0.4810126582278481,,0.182572,0.805195,31.05063,33.13924,82.0,79.0,85612874.0,1.0504647116564416,8250000.0,0.0963640117957026,0.26573106283057385,0.41963975253604113,0.5517277576734546,0.3687427313793951,0.07952951094715031
20192020,BOS,27.327193919761022,0.4467548834278513,0.1442974165091367,0.1409395973154362,0.3597315436241611,0.5637583892617449,0.6296420581655482,0.47456959699895,21.41946,0.5421686746987951,,0.247232,0.840467,32.18072,29.9759,110.0,83.0,89123925.0,1.09354509202454,7250000.0,0.08134740475130556,0.23702950694776964,0.4580190645413873,0.632029222231853,0.2504004059516005,0.11757037181654645
20192020,BUF,25.37855409929521,0.4676198486122792,0.0134566862910008,0.1550695825049702,0.3379721669980119,0.5447316103379721,0.5087990575068111,0.3751450652268637,20.03049958333333,0.4927536231884058,,0.188775,0.745946,29.28985,31.13043,68.0,69.0,91409167.0,1.1215848711656442,10000000.0,0.10939821823340759,0.273495545583519,0.4273249080017092,0.6915334870079277,0.2555815873477985,0.05288492564427373
20192020,CGY,26.81121256282648,0.4376278118609407,0.1008861622358554,0.1023622047244094,0.2960629921259842,0.5228346456692914,0.4917322834645667,0.363020060851855,21.56480541666667,0.6,,,,,,,,85872542.0,1.0536508220858896,7000000.0,0.08151616147569034,0.2387259014645217,0.416617974145433,0.6236374486270594,0.3123141387848982,0.0640484125880424
20192020,CAR,25.679564367282136,0.3159041394335512,0.0196078431372549,0.1174698795180722,0.322289156626506,0.5030120481927711,0.46173583221776,0.3402845233724001,22.610110416666664,0.5657894736842105,,0.212765,0.836957,32.76315,29.68421,89.0,76.0,83791666.0,1.0281186012269938,6000000.0,0.07160616665624002,0.2046742930257527,0.3978487125139629,0.4804077532006584,0.4236698193827534,0.09592242741658819
20192020,CHI,26.66278562510504,0.4330651060716898,0.0746159473299195,0.1534653465346534,0.3564356435643564,0.570957095709571,0.5528621827700011,0.3939172605063941,21.091220416666665,0.7164179104477612,,0.153846,0.81624,31.29113,35.21518,80.0,79.0,86530919.0,1.0617290674846627,10500000.0,0.12134390945275873,0.3221391881900619,0.48779953171035495,0.522038336377775,0.350839472766954,0.12712219085527104
20192020,COL,25.92106209353138,0.5392902408111534,0.053231939163498,0.1433778857837181,0.2976913730255164,0.5078979343863913,0.5255360012542625,0.4015860613255084,20.69967875,0.4479166666666667,,0.152466,0.828125,32.5375,31.0875,89.0,80.0,77398928.0,0.9496800981595092,9250000.0,0.11951069916627269,0.2784276288684515,0.4449263140957198,0.6564875032894513,0.2717953147878224,0.07171718192272637
20192020,CBJ,25.793881999538744,0.4305652477320307,0.0223307745987438,0.1115311909262759,0.277882797731569,0.4858223062381852,0.5218536976571004,0.4322922472735679,23.00895125,0.55,,,,,,,,74699554.0,0.9165589447852761,5875000.0,0.07864839460755013,0.2259049632344525,0.42188555219801316,0.6108639283174301,0.36203918968512183,0.027096881997448072
20192020,DAL,27.99983969878812,0.2424768518518518,0.3234953703703703,0.0929203539823008,0.2684365781710914,0.4970501474926254,0.4884112937210281,0.385837472068117,22.03688208333333,0.5208333333333334,,0.214788,0.796875,30.375,32.04166,112.0,96.0,80236666.0,0.9844989693251534,9850000.0,0.12276183060746816,0.32840347578749096,0.45828863929563846,0.6337605428420967,0.2622761768291818,0.10396328032872154
20192020,DET,27.056293572558182,0.5279352226720648,0.2493927125506073,0.1468144044321329,0.3850415512465374,0.6177285318559557,0.5792243767313019,0.3684423574867002,21.803907083333332,0.5774647887323944,,0.148837,0.743363,27.09859,32.80281,39.0,71.0,69850233.0,0.8570580736196319,6100000.0,0.08732970153442438,0.23944086199397502,0.41056178008740507,0.6120151667926433,0.26701172206540813,0.12097311114194852
20192020,EDM,26.49068808957353,0.2688904016337645,0.114363512593601,0.1671469740634005,0.4193083573487031,0.5749279538904899,0.5905979827089338,0.3916151636456169,22.925805416666662,0.5066666666666667,,0.29493,0.83871,29.82666,31.94666,85.0,75.0,81892831.0,1.0048200122699387,12500000.0,0.15263851362031922,0.3296991894198895,0.4537493090388032,0.6002051510467381,0.34484498404994696,0.05494986490331492
20192020,FLA,27.678149742374423,0.216236722306525,0.1433990895295903,0.1285714285714285,0.3349206349206349,0.5523809523809524,0.4880341880341878,0.3349885005962119,21.02514625,0.726027397260274,,,,,,,,83976624.0,1.0303880245398773,10000000.0,0.11908075752128354,0.28400760668826125,0.4372037566249565,0.5215136774252797,0.34928370066412767,0.12920262191059265
20192020,LAK,27.1647025685646,0.4385813148788927,0.2179930795847751,0.1465721040189125,0.3309692671394799,0.5531914893617021,0.5052097014271957,0.4123411819020712,20.51622833333333,0.84,,,,,,,,76316337.0,0.936396773006135,11000000.0,0.14413689692680087,0.35215264590070666,0.5058595440865628,0.5818064617016406,0.32210227804827685,0.0960912602500825
20192020,MIN,28.2845016572594,0.2668195718654434,0.2622324159021407,0.0973154362416107,0.2667785234899328,0.4731543624161073,0.4434501615709669,0.3801210988859784,22.872755416666667,0.547945205479452,,0.205882,0.773334,30.12328,30.56164,79.0,73.0,81686881.0,1.002293018404908,7538462.0,0.09228485538577486,0.25802091770403135,0.43261102574488475,0.5761849690404999,0.35176144135066195,0.07205358960883816
20192020,MTL,26.731927466414117,0.3824451410658307,0.0587774294670846,0.1177570093457943,0.3009345794392523,0.5570093457943925,0.5701579116983564,0.4605371937736247,22.132645416666666,0.8395061728395061,,,,,,,,89997141.0,1.104259398773006,10500000.0,0.11667037289551231,0.2650877876220535,0.45348030234122993,0.4840616659144761,0.3617019567321589,0.15423637735336504
20192020,NSH,28.294742056089053,0.0772693173293323,0.0450112528132033,0.1171477079796264,0.2818336162988115,0.4821731748726655,0.4920567547902013,0.3696014427549421,23.02886125,0.5205479452054794,,,,,,,,82786309.0,1.0157829325153374,8000000.0,0.09663433599872172,0.2687642469964448,0.4401337152257869,0.673798719544315,0.2476858824567236,0.0785153979989614
20192020,NJD,25.40219311689372,0.533920704845815,0.0634361233480176,0.10250569476082,0.2847380410022779,0.5034168564920274,0.5314350797266514,0.4372446622486186,21.51339875,0.7818181818181819,,,,,,,,73363331.0,0.9001635705521472,6000000.0,0.08178472703209182,0.24194648413660497,0.43305652034461195,0.5710618428707933,0.3108273805070274,0.11811077662217927
20192020,NYI,27.944076330520517,0.2250432775533756,0.1759953837276399,0.1054794520547945,0.2904109589041095,0.510958904109589,0.5078538812785387,0.3692477138269308,21.45415625,0.6444444444444445,,,,,,,,84459999.0,1.0363190061349694,7000000.0,0.0828794705526814,0.22495856292870664,0.3721210756653148,0.6273087808111387,0.27402518676326293,0.0986660324255983
20192020,NYR,25.091542845237583,0.4852824184566428,0.0612569610182975,0.1556982343499197,0.377207062600321,0.6131621187800963,0.5635880972959624,0.3844110083956025,19.57367458333333,0.4383561643835616,,,,,,,,77544522.0,0.951466527607362,11642857.0,0.15014415847453416,0.3629251464081499,0.4890407018246685,0.5212320349334283,0.3470049502658615,0.13176301480071023
20192020,OTT,25.883091558318696,0.5239887111947319,0.0827845719661335,0.1116751269035533,0.3223350253807107,0.5736040609137056,0.5815355329949239,0.5155929168261899,21.71461833333333,0.4366197183098591,,0.14218,0.76087,30.61971,33.57746,62.0,71.0,69841623.0,0.8569524294478528,7250000.0,0.1038062932758593,0.2398283327407784,0.420912776786734,0.6487529220218723,0.23598629716838052,0.11526078080974722
20192020,PHI,27.130172928454687,0.3781973203410475,0.1504263093788063,0.0911528150134048,0.2694369973190348,0.4825737265415549,0.5199447558696888,0.4264483296300487,21.47294583333333,0.6352941176470588,,0.183453,0.816092,30.57647,29.02352,109.0,85.0,85252167.0,1.0460388588957055,8275000.0,0.09706498135114854,0.2776217641482357,0.48703499928336136,0.6468255287868518,0.3123446234510379,0.04082984776211026
20192020,PIT,28.3143749580206,0.2194945848375451,0.2642599277978339,0.115919629057187,0.2843894899536321,0.4868624420401855,0.5093218701700155,0.3696506133534547,21.75336708333333,0.5616438356164384,,0.197368,0.831684,32.02739,29.67123,88.0,73.0,91750375.0,1.125771472392638,9500000.0,0.1035418111370117,0.27738306246704714,0.46173427594982575,0.6449701159259567,0.3068011983602247,0.04822868571381861
20192020,STL,28.066409535374728,0.2937249666221629,0.1662216288384512,0.1076233183856502,0.3049327354260089,0.5500747384155455,0.5601177130044843,0.4381124806724796,22.3589175,0.6875,,,,,,,,85714165.0,1.05170754601227,7500000.0,0.08750012322934021,0.2304169911705959,0.42545811236392495,0.5432688051035672,0.3546477177955359,0.10208347710089692
20192020,SJS,28.38816896924735,0.2979890310786106,0.1919561243144424,0.1118721461187214,0.3219178082191781,0.5844748858447488,0.6028870231256445,0.5010759971810435,21.852122500000004,0.5714285714285714,,,,,,,,82091666.0,1.0072597055214725,11500000.0,0.14008730191929591,0.3349913741548381,0.5200466336220309,0.48427569980124413,0.4225357906611373,0.09318850953761859
20192020,TBL,27.091930125807128,0.2819264069264069,0.0232683982683982,0.1278195488721804,0.3147153598281418,0.5134264232008593,0.5372918904403867,0.3869487377719938,21.724465,0.8105263157894737,,,,,,,,83462498.0,1.0240797300613498,9500000.0,0.11382357618867338,0.3100194772507288,0.4935986020132459,0.6589286603906823,0.2835604800613564,0.05751085954796129
20192020,TOR,25.745660352294408,0.5147286821705427,0.0488372093023255,0.1341653666146645,0.3432137285491419,0.5647425897035881,0.5673594685722914,0.4354215736306308,22.08985333333333,0.6785714285714286,,0.225961,0.792271,33.21333,31.89333,85.0,75.0,90197143.0,1.1067134110429449,11634000.0,0.12898412979666107,0.3717080040994203,0.5433446734795271,0.6508111903278355,0.27102668872782365,0.07816212094434077
20192020,VAN,26.86366942637604,0.3614147909967846,0.1659163987138263,0.1171875,0.31640625,0.54296875,0.5410590277777776,0.4178117371749859,21.47875,0.57,,0.232786,0.803572,30.27906,33.96511,98.0,86.0,83714167.0,1.0271676932515337,6000000.0,0.07167245658670891,0.21501736976012675,0.3901019148138929,0.6406422583169227,0.27958230773532033,0.07977543394775702
20192020,VGK,28.07454773343408,0.2465116279069767,0.2203488372093023,0.1059602649006622,0.2940397350993377,0.5298013245033113,0.5305049668874173,0.3802188143253471,21.97272958333333,0.5048543689320388,,,,,,,,96984167.0,1.1899897791411043,9500000.0,0.09795413306998862,0.2423075923310245,0.4631317383273621,0.610417502477492,0.25115784105255035,0.1384246564699576
20192020,WSH,29.059369658223964,0.1145404663923182,0.1419753086419753,0.1184210526315789,0.3070175438596491,0.5394736842105263,0.5181704260651627,0.3657736132426037,22.155760416666663,0.7142857142857143,,,,,,,,84381794.0,1.0353594355828222,9538462.0,0.113039336423684,0.30028351850400337,0.4617097314650107,0.5829669253061863,0.3337805190536717,0.083252555640142
20192020,WPG,26.034669060701237,0.4072553045859001,0.056125941136208,0.1170886075949367,0.3370253164556962,0.6060126582278481,0.6180831826401447,0.4484131101745001,21.800698333333337,0.8,,,,,,,,83302024.0,1.0221107239263805,8250000.0,0.09903720946804366,0.26581415356726507,0.46519413540609844,0.7052892736435792,0.20597738417496314,0.08873334218145768
20202021,ANA,27.134070592663853,0.4219204655674103,0.061105722599418,0.0959302325581395,0.2441860465116279,0.4244186046511627,0.4382267441860465,0.3486961987950112,21.14453416666667,0.625,,0.08943,0.798781,26.78571,30.57142,43.0,56.0,74234165.0,0.9108486503067484,8250000.0,0.1111348123872613,0.2849092463018881,0.4649206395565977,0.5481902167283756,0.35549294586933117,0.09631683740229313
20202021,ARI,27.757071992476583,0.4169215086646279,0.2517838939857288,0.1083123425692695,0.3098236775818639,0.5566750629722922,0.552225020990764,0.4148559282235167,21.317338333333332,0.4821428571428571,,0.207865,0.808384,27.46428,30.46428,54.0,56.0,83385834.0,1.0231390674846625,8250000.0,0.09893766847735792,0.2806232051357788,0.47896148290466645,0.4845847077574352,0.39118355523073617,0.12423173701182866
20202021,BOS,28.190262291012186,0.2841246290801187,0.228486646884273,0.1281645569620253,0.3180379746835443,0.5585443037974683,0.6435410580980203,0.4271999301530294,21.89540375,0.5223880597014925,,0.243523,0.841861,33.73134,27.71641,85.0,67.0,95368093.0,1.1701606503067485,8000000.0,0.08388549826617588,0.23330654205280166,0.4596288616813988,0.6460381461124529,0.23940572031780064,0.11455613356974644
20202021,BUF,25.383760357278675,0.427027027027027,0.0637837837837837,0.1286173633440514,0.3054662379421222,0.4919614147909968,0.4730014414014856,0.37024993939594,20.530352916666665,0.4,,0.20979,0.776979,28.42857,33.73214,37.0,56.0,85719957.0,1.0517786134969325,10000000.0,0.11665894792737705,0.314979159403918,0.4850783625842574,0.6645277715199974,0.24735584036748876,0.08811638811251386
20202021,CGY,27.81302330560658,0.3472931562819203,0.1583248212461695,0.1186440677966101,0.3365617433414044,0.559322033898305,0.5647491024463553,0.4402487900240035,21.47726958333333,0.9772727272727272,,,,,,,,85209999.0,1.0455214601226994,7000000.0,0.08214998336052087,0.2405820941272397,0.44765873271124734,0.5985604224687293,0.29053709999456756,0.11090247753670318
20202021,CAR,26.38950228767911,0.3396694214876033,0.052892561983471,0.1227436823104693,0.2978339350180505,0.5469314079422383,0.5342960288808662,0.4064546659007078,22.79053333333333,0.4776119402985074,,0.243654,0.834863,32.82089,28.64179,90.0,67.0,75436665.0,0.9256032515337423,6000000.0,0.07953692014354027,0.22734303007695264,0.3972343586686833,0.5312624305435559,0.37246475569936716,0.09627281375707689
20202021,CHI,26.5413092236064,0.4751984126984127,0.1091269841269841,0.1617647058823529,0.392156862745098,0.5588235294117647,0.5425363693864642,0.402891901737791,20.84419833333333,0.6607142857142857,,0.217142,0.768212,29.19642,33.71428,55.0,56.0,71668462.0,0.8793676319018405,10500000.0,0.14650795771227795,0.3130869754118625,0.4512493718247068,0.6534022315143305,0.3214821185921361,0.025115649893533366
20202021,COL,26.48458124775344,0.2811501597444089,0.0926517571884984,0.1183431952662721,0.3313609467455621,0.5369822485207101,0.623300815608508,0.4914032293935044,22.810792083333336,0.5764705882352941,,0.153846,0.789474,29.01785,32.41071,48.0,56.0,96289803.0,1.1814699754601228,9250000.0,0.0960641699516199,0.22380355269809826,0.42369943872160887,0.5645869895486233,0.348522542932194,0.0868904675191827
20202021,CBJ,26.025445337179757,0.3540372670807453,0.0165631469979296,0.1179624664879356,0.3002680965147453,0.5040214477211796,0.5137075153506876,0.3970293439089234,23.33667125,0.5535714285714286,,,,,,,,82816744.0,1.0161563680981596,6750000.0,0.0815052569562503,0.21885670849363506,0.4219148354140283,0.6195213856753412,0.28720037580806124,0.09327823851659756
20202021,DAL,27.758208612067964,0.2991202346041056,0.1603128054740958,0.1205673758865248,0.3286052009456264,0.5673758865248227,0.4738134206219311,0.3307603358983213,22.83038,0.5714285714285714,,0.235668,0.79085,30.33928,27.10714,60.0,56.0,76010832.0,0.932648245398773,9850000.0,0.12958679362962375,0.34666111798381577,0.45705488599106703,0.706752334982993,0.23722495235942162,0.05602271265758543
20202021,DET,27.942233267826605,0.3581780538302277,0.2236024844720497,0.1077844311377245,0.2544910179640718,0.4251497005988024,0.3708297690333617,0.3143686967861365,19.30277208333333,0.5178571428571429,,0.114093,0.787097,27.28571,31.89285,48.0,56.0,70302456.0,0.8626068220858896,6100000.0,0.0867679501837034,0.2489244472483294,0.3911413968056774,0.673778608815601,0.22167312334010067,0.10454826784429835
20202021,EDM,26.924205261956526,0.2701252236135957,0.0599284436493738,0.2096153846153846,0.475,0.6692307692307692,0.6122015915119363,0.3738033116011323,21.905954583333333,0.5666666666666667,,0.27027,0.817074,30.55,30.91666,72.0,60.0,75267498.0,0.9235275828220859,12500000.0,0.16607433928519852,0.35872057285602876,0.48185447956464644,0.6115299993099279,0.31826485052020725,0.07020515016986482
20202021,FLA,27.22424361731601,0.2554621848739495,0.1277310924369747,0.1230502599653379,0.3032928942807625,0.4904679376083189,0.5195515597920277,0.3615783690587433,21.986744583333337,0.5161290322580645,,,,,,,,88167916.0,1.0818149202453988,10000000.0,0.11341994291891849,0.2705065638616206,0.4629858812327412,0.4651446337917299,0.4013033834212436,0.1335519827870265
20202021,LAK,25.931149981635603,0.5131450827653359,0.1022395326192794,0.1340482573726541,0.3083109919571045,0.5281501340482574,0.5375767534376892,0.4070530080645838,21.244859166666668,0.5714285714285714,,,,,,,,70676892.0,0.8672011288343558,11000000.0,0.1556378568542601,0.38025158208711274,0.5096365850715812,0.5531425037761989,0.34274520730198493,0.1041122889218162
20202021,MIN,28.667890854845847,0.2224183583406884,0.2082965578111209,0.1069306930693069,0.2653465346534653,0.4554455445544554,0.4722430863776032,0.4035396452059272,22.28368625,0.6349206349206349,,0.176136,0.8125,27.92063,30.63492,81.0,63.0,87867758.0,1.078132,7575000.0,0.08620909617382067,0.2577956296551916,0.4187482883843088,0.5161274514367374,0.4338921336766098,0.04998041488665274
20202021,MTL,28.41029644147009,0.200944032366824,0.200944032366824,0.1022927689594356,0.2874779541446208,0.4497354497354497,0.4862764550264551,0.3841026753115015,22.645716250000003,0.6025641025641025,,,,,,,,89762975.0,1.1013861963190184,10500000.0,0.1169747326222198,0.2657793260528631,0.4243978731478024,0.5072618415332156,0.31748958855251846,0.17524856991426588
20202021,NSH,27.609106328585945,0.2489082969432314,0.016593886462882,0.0848623853211009,0.2385321100917431,0.4243119266055046,0.5217562254259502,0.4098308600651252,23.30418125,0.6612903225806451,,,,,,,,89917766.0,1.103285472392638,9059000.0,0.10074760976601665,0.2786879736313734,0.47981216935951276,0.5509063359069664,0.3690205003536231,0.08007316373941052
20202021,NJD,24.263396289570416,0.6497641509433962,0.0,0.100864553314121,0.276657060518732,0.5072046109510087,0.4382708933717578,0.365989714527581,20.999508750000004,0.625,,,,,,,,62804122.0,0.7706027239263804,7250000.0,0.11543828285665708,0.28103250929931,0.42292803955683644,0.5970275326832847,0.3233598584500552,0.07961260886666006
20202021,NYI,28.967161095491388,0.2073764787752261,0.1906750173973556,0.1026086956521739,0.2643478260869565,0.4834782608695652,0.4906591865357643,0.4041324478988879,21.57472166666667,0.6533333333333333,,,,,,,,91332500.0,1.120644171779141,7000000.0,0.07664303506418854,0.21898010018339584,0.3884697860381936,0.7036195549229464,0.2197374100128651,0.07664303506418854
20202021,NYR,25.46190236961737,0.4425162689804772,0.0140997830802603,0.136150234741784,0.3685446009389671,0.6032863849765259,0.5605298457411132,0.3947917196723469,20.26768625,0.5535714285714286,,,,,,,,70348689.0,0.8631740981595092,11642857.0,0.1655021176016514,0.3716182543216974,0.5017689343105942,0.6072421477534571,0.33341061977715036,0.05934723246939257
20202021,OTT,25.169474630847887,0.4919268030139935,0.0247578040904198,0.0932642487046632,0.2746113989637305,0.5181347150259067,0.5360187197058333,0.4657732464660848,20.94101458333333,0.4464285714285714,,0.155172,0.789474,29.69642,32.125,51.0,56.0,76311665.0,0.9363394478527607,8000000.0,0.10483325190192089,0.2719112471206073,0.46417410285686866,0.5648109761463074,0.3151331189012846,0.12005590495240799
20202021,PHI,26.82448829455545,0.4968287526427061,0.1194503171247357,0.1016548463356974,0.3049645390070922,0.5721040189125296,0.5914105594956658,0.4487145790858846,21.652112916666667,0.4642857142857143,,0.191616,0.730539,30.21428,29.21428,58.0,56.0,84562813.0,1.037580527607362,8275000.0,0.09785625272423235,0.27988493003419834,0.47008977035508503,0.6600948811861308,0.30524646808993927,0.034658650723929915
20202021,PIT,28.620449352741108,0.1990654205607476,0.2065420560747663,0.1221374045801526,0.3320610687022901,0.5438931297709924,0.5349667569564147,0.4419834125055175,21.820879166666668,0.7096774193548387,,0.237804,0.777778,30.88709,30.09677,81.0,62.0,85743735.0,1.0520703680981596,9500000.0,0.11079526684952551,0.29681468856004467,0.4643455256526905,0.634801213173184,0.3098011534020532,0.055397633424762754
20202021,STL,28.44419915091153,0.2096153846153846,0.0990384615384615,0.1252699784017278,0.3282937365010799,0.5593952483801296,0.5515478761699064,0.3969012054032621,22.13875666666667,0.75,,,,,,,,81020832.0,0.9941206380368098,7500000.0,0.09256878527240994,0.25302134641125384,0.44415233770351636,0.5786577457017474,0.35777835507786443,0.06356389922038816
20202021,SJS,28.033312954867423,0.4482758620689655,0.151910531220876,0.1218905472636815,0.3059701492537313,0.5248756218905473,0.5963239358761747,0.4965938339963525,22.417831250000003,0.7906976744186046,,,,,,,,90678332.0,1.1126175705521473,11500000.0,0.1268219181623235,0.30326980430120837,0.5265436025003196,0.502876464467829,0.3677468063704568,0.12937672916171417
20202021,TBL,28.02854175993698,0.328719723183391,0.0539792387543252,0.1041055718475073,0.2829912023460411,0.4956011730205278,0.4970168874507028,0.3932488337130564,22.22907416666667,0.8227848101265823,,,,,,,,100475924.0,1.2328334233128835,9500000.0,0.09455001379235885,0.27369740834630196,0.481851615742102,0.5695486214189979,0.31599609872709405,0.11445527985390809
20202021,TOR,28.51129467551063,0.2837958818263205,0.1880035810205908,0.1270125223613595,0.3434704830053667,0.5635062611806798,0.5896474118529633,0.4575492623858523,22.00291333333333,0.3866666666666666,,0.191011,0.791412,31.53968,27.87301,83.0,63.0,95591408.0,1.1729007116564416,11640250.0,0.12177088133276581,0.350902353065037,0.5183448704929632,0.6617726877712692,0.23230775092255154,0.10591956130617931
20202021,VAN,27.117770418679605,0.3614931237721022,0.087426326129666,0.129973474801061,0.3607427055702917,0.5915119363395226,0.6058998472791577,0.4560941569418584,21.473185000000004,0.625,,0.174193,0.797815,29.08928,33.39285,50.0,56.0,78014166.0,0.9572290306748467,6000000.0,0.07690910904565718,0.2307273271369715,0.44958923300616416,0.5980858143122366,0.33333689678871914,0.06857728889904431
20202021,VGK,27.81899618981021,0.3044478527607362,0.1641104294478527,0.1107544141252006,0.2985553772070626,0.5152487961476726,0.4528336831707618,0.3428481018545932,22.17514583333333,0.6933333333333334,,,,,,,,89864723.0,1.1026346380368097,9500000.0,0.10571445260004864,0.2815342790296032,0.4650958808385799,0.5778964010160027,0.2718777979207703,0.150225801063227
20202021,WSH,31.05993931043299,0.0457198443579766,0.2694552529182879,0.1,0.2957446808510638,0.4936170212765957,0.4761229314420805,0.3816713983918831,20.61827375,0.6065573770491803,,,,,,,,86365963.0,1.0597050674846626,9538462.0,0.11044237415612444,0.30959490372382,0.4785058477820432,0.6730579267668213,0.29982876471834163,0.02711330851483703
20202021,WPG,27.994025042721564,0.2839090143218197,0.2881213142375737,0.1292775665399239,0.3346007604562737,0.5741444866920152,0.55893536121673,0.3810135648156454,21.59960208333333,0.828125,,,,,,,,88050358.0,1.080372490797546,8250000.0,0.09369638224526015,0.2514794658756527,0.4432622600995577,0.6885399716375941,0.22438863905584575,0.08707138930656023
20212022,ANA,26.61921910637553,0.4437869822485207,0.1020710059171597,0.1227106227106227,0.3113553113553113,0.5201465201465202,0.5959183673469388,0.4934378777592041,21.25788083333333,0.6829268292682927,,0.219178,0.808036,29.18292,33.2317,76.0,82.0,64711583.0,0.7940071533742331,6500000.0,0.100445696097405,0.28936087068060135,0.43133132522721906,0.4622334922636648,0.4114753613738672,0.12629114636246805
20212022,ARI,27.51864447623461,0.3531093638313081,0.2587562544674767,0.1195445920303605,0.3301707779886148,0.5578747628083491,0.5875097667150353,0.420620350067123,21.859946250000004,0.8305084745762712,,0.138613,0.75,25.86585,35.4878,57.0,82.0,83427083.0,1.023645190184049,8000000.0,0.09589212174660355,0.25351479686758316,0.4672122603759261,0.6948932398847026,0.24845049418784065,0.05665626592745668
20212022,BOS,28.322497472142093,0.2341434499110847,0.1831653823355068,0.118798955613577,0.3211488250652741,0.5509138381201044,0.5828783922778702,0.4206894248447457,22.05754375,0.4943820224719101,,0.21132,0.818792,35.83146,28.76404,113.0,89.0,89890974.0,1.102956736196319,6875000.0,0.07648153862477895,0.21878355662271498,0.3978686961941251,0.5787983897026191,0.3441638423007854,0.07703776799659552
20212022,BUF,25.562467351667824,0.4540889526542324,0.0530846484935437,0.1164383561643835,0.3150684931506849,0.541095890410959,0.5394387980556783,0.3901788225884575,21.740312916666667,0.3780487804878049,,0.211711,0.764151,29.89024,32.95121,75.0,82.0,69630833.0,0.8543660490797546,9000000.0,0.12925308533936394,0.3015905324585159,0.4401326318153309,0.628864141263397,0.32800363023087775,0.04313222850572533
20212022,CGY,28.20865083220614,0.2650666666666667,0.1493333333333333,0.1356466876971608,0.3512092534174553,0.5278654048370137,0.5027738496682257,0.3556103389038096,21.21769875,0.7978723404255319,,,,,,,,89440000.0,1.0974233128834356,7000000.0,0.07826475849731664,0.22501118067978534,0.39277342545185356,0.6599675760286225,0.26456283542039355,0.0754695885509839
20212022,CAR,26.73775141380847,0.3146853146853147,0.129101667563206,0.1002178649237472,0.2636165577342048,0.4509803921568627,0.4800056223206128,0.4012077476829883,21.645935833333333,0.53125,,0.202797,0.858896,33.73958,28.33333,130.0,96.0,83920110.0,1.0296946012269939,7750000.0,0.09234973595720979,0.2365349020634029,0.43528768611003965,0.6206204329331789,0.2720940904391093,0.10728547662771176
20212022,CHI,26.81103382620476,0.4696276943174395,0.1436969301110385,0.155668358714044,0.3739424703891709,0.5803722504230119,0.6231568769639837,0.4488934526729986,21.810238750000003,0.7837837837837838,,0.191836,0.762332,28.80487,32.96341,68.0,82.0,91255417.0,1.1196983680981596,10500000.0,0.11506166258601394,0.3068311002293705,0.4915695934723754,0.6072150872972286,0.28666792460112256,0.10611698810164881
20212022,COL,27.335236993662825,0.2203219315895372,0.1820925553319919,0.1048387096774193,0.3082437275985663,0.5367383512544803,0.6186568571967552,0.4656781880674798,22.94285416666667,0.7604166666666666,,0.186363,0.785715,30.03658,35.20731,81.0,82.0,89709166.0,1.100725963190184,9250000.0,0.10311097976320502,0.28146510692118126,0.4757446104815435,0.5485411156313726,0.3831176738394826,0.06834121052914481
20212022,CBJ,25.656250939010903,0.4961349262122277,0.1131412508784258,0.093655589123867,0.2643504531722054,0.4848942598187311,0.498879251534938,0.428587746551798,22.4976725,0.6829268292682927,,,,,,,,78198480.0,0.9594905521472392,8250000.0,0.105500771882011,0.27174441242336167,0.4391625733119411,0.6558528375487606,0.24536007605262916,0.09878708639861031
20212022,DAL,29.07380962391396,0.2893642305407011,0.326797385620915,0.1239316239316239,0.3504273504273504,0.5626780626780626,0.5896545584045585,0.4472430049365912,23.170674583333334,0.4649122807017544,,0.21132,0.80247,30.12359,31.82022,104.0,89.0,86924999.0,1.0665644049079754,9850000.0,0.11331607838154821,0.31981593695502947,0.47418337157530477,0.6106221870649662,0.30788994314512447,0.08148786978990935
20212022,DET,25.60380185343553,0.4007407407407407,0.1318518518518518,0.1263736263736263,0.3443223443223443,0.5586080586080586,0.5597069597069595,0.431614903249587,19.31359875,0.6341463414634146,,0.162995,0.737778,29.43902,33.67073,74.0,82.0,65998292.0,0.8097949938650306,6100000.0,0.09242663431350617,0.25530963740698015,0.40811367627146433,0.5895600904338555,0.286194269997169,0.12424563956897551
20212022,EDM,27.425123591308147,0.3274151436031332,0.1681462140992167,0.1533923303834808,0.3618485742379547,0.5309734513274337,0.6023981208346991,0.468398359160014,21.10018375,0.4387755102040816,,0.259649,0.799353,34.0204,33.35714,120.0,98.0,82057991.0,1.0068465153374233,12500000.0,0.1523312945840948,0.32416099487495376,0.4812303462237437,0.6168547679896282,0.319166088285052,0.06397914372531982
20212022,FLA,27.792611462611266,0.0966057441253263,0.1272845953002611,0.1295896328293736,0.3250539956803456,0.5345572354211663,0.5710304465965303,0.450109679214937,23.020177083333333,0.6428571428571429,,,,,,,,97467083.0,1.195915128834356,10000000.0,0.10259874095134251,0.26444825480208534,0.47226887034477594,0.5529217079370273,0.3272942620022803,0.11978403006069238
20212022,LAK,26.48506795699329,0.4290407358738502,0.1360052562417871,0.1163934426229508,0.3065573770491803,0.5245901639344263,0.5716159250585482,0.4392838339781308,21.64555208333333,0.5955056179775281,,,,,,,,85955500.0,1.0546687116564417,11000000.0,0.1279731954325203,0.3126617842953621,0.48643613523535123,0.5349570533590056,0.37885494238297723,0.08618800425801723
20212022,MIN,28.219595023804526,0.3361128928800513,0.1225144323284156,0.152832674571805,0.3544137022397892,0.5428194993412385,0.5970375693695853,0.4565490972205275,21.55330958333333,0.509090909090909,,0.202127,0.755173,32.40909,31.42045,117.0,88.0,92649498.0,1.1368036564417179,9000000.0,0.09714029967005326,0.2544536183023895,0.4718029946704203,0.5441241678395279,0.33292139370253254,0.12295443845793962
20212022,MTL,27.141887457087385,0.3131392604248623,0.0944138473642801,0.093886462882096,0.2510917030567685,0.4563318777292576,0.509632674030311,0.4401593731542641,20.72146833333333,0.4430379746835443,,,,,,,,94680747.0,1.1617269570552147,10500000.0,0.11089899829370801,0.24556206765035346,0.46338767734754427,0.5604923036781702,0.2730975918472633,0.1664101044745665
20212022,NSH,26.91907339260582,0.4356672651107121,0.0353081986834231,0.1254801536491677,0.3495518565941101,0.5723431498079385,0.5809459026888604,0.4124303002055167,22.27780208333333,0.7790697674418605,,,,,,,,75801975.0,0.9300855828220859,9059000.0,0.11950875950131906,0.330585054017392,0.48009328706474985,0.5926799268752562,0.31519406981150555,0.09212600331323821
20212022,NJD,25.144982376655488,0.599713055954089,0.0552367288378766,0.119281045751634,0.3088235294117647,0.511437908496732,0.5526960784313726,0.4503773625182752,21.527195,0.2857142857142857,,,,,,,,70436666.0,0.8642535705521472,9000000.0,0.12777436115445895,0.29459088821722484,0.4344948541278051,0.5164805358618195,0.32803700561295734,0.15548245852522322
20212022,NYI,29.630192958724287,0.2686246418338109,0.3080229226361031,0.1038732394366197,0.2975352112676056,0.5246478873239436,0.5379107981220657,0.411190153752341,20.911104583333334,0.6341463414634146,,,,,,,,87155834.0,1.069396736196319,7000000.0,0.0803159086286754,0.22947402465335826,0.4222683575605506,0.6570893120017646,0.23104210097972327,0.11186858701851216
20212022,NYR,26.537917270466068,0.36033382425135,0.0859106529209622,0.1204301075268817,0.3376344086021505,0.5623655913978495,0.5942054958183991,0.4275303450374297,22.2875675,0.7058823529411765,,,,,,,,82323649.0,1.0101061226993866,11642857.0,0.14142785386007367,0.3175619316874547,0.4719675769845775,0.630230287775509,0.2523469896238443,0.11742272260064662
20212022,OTT,25.72899944906645,0.492494639027877,0.0950679056468906,0.1161178509532062,0.3119584055459272,0.5216637781629117,0.5721218123297847,0.4635959250296779,21.711524583333336,0.5365853658536586,,0.193415,0.803213,30.03658,33.41463,73.0,82.0,76662340.0,0.9406422085889571,8330674.0,0.10866709782143358,0.29454715313933805,0.45742796816602027,0.5510942400140669,0.3333014097926048,0.1156043501933283
20212022,PHI,27.11523490253538,0.3150579150579151,0.2046332046332046,0.1104033970276008,0.2972399150743099,0.5010615711252654,0.5583220742456412,0.4788576649926048,23.026279166666665,0.5365853658536586,,0.125523,0.757447,30.96341,33.96341,61.0,82.0,94273939.0,1.1567354478527607,8275000.0,0.08777611382080895,0.23779484805445544,0.4752218194233877,0.6031220250593327,0.32550087888021734,0.07137709606044997
20212022,PIT,29.67986751365113,0.0705307262569832,0.2534916201117318,0.121761658031088,0.3367875647668393,0.5492227979274611,0.5396002960769799,0.4273062298976013,21.79852375,0.6404494382022472,,0.206642,0.831169,35.49438,31.97752,109.0,89.0,92232346.0,1.131685226993865,9500000.0,0.10300074119333363,0.27593356456529905,0.45308188233117264,0.6352851308802229,0.3050828610604787,0.059632008059298414
20212022,STL,28.47033484136391,0.196078431372549,0.1361344537815126,0.0893032384690873,0.2571148184494602,0.4759568204121688,0.5209457801766437,0.3908524751767317,22.57690125,0.4731182795698925,,,,,,,,88687500.0,1.0881901840490797,7500000.0,0.08456659619450317,0.23114869626497533,0.46085358590556735,0.5305708245243129,0.3674418604651163,0.10198731501057083
20212022,SJS,28.0125486011295,0.4318344039971449,0.22412562455389,0.1369369369369369,0.3531531531531531,0.5837837837837838,0.5790881790881792,0.4408474534025626,22.93517666666667,0.4380952380952381,,,,,,,,79693332.0,0.9778322944785276,11500000.0,0.14430316453577322,0.3450727847594577,0.515992451887666,0.5228689145536041,0.39356073102828726,0.08357035441810866
20212022,SEA,27.479806928665518,0.224834680382072,0.0,0.0954198473282442,0.2709923664122137,0.4675572519083969,0.4150763358778624,0.3784862261046189,20.404687083333336,0.6585365853658537,,0.145454,0.748879,29.02439,28.86585,60.0,82.0,85736624.0,1.0519831165644171,6750000.0,0.07872948204725205,0.21169482950483332,0.4222455531048461,0.5602812632323848,0.32133292302248806,0.11838581374512717
20212022,TBL,28.68677535003812,0.2753623188405797,0.24,0.1387347391786903,0.3607103218645949,0.564927857935627,0.5424425535413326,0.3936120723430114,22.26474208333333,0.819047619047619,,,,,,,,88854999.0,1.0902453865030675,9500000.0,0.10691576283738409,0.30949299768716443,0.5121083562655937,0.5540393512356013,0.31934050215902876,0.12662014660536994
20212022,TOR,28.115264026406983,0.1807875894988067,0.1718377088305489,0.1125244618395303,0.3003913894324853,0.538160469667319,0.5953033268101762,0.4752654001402572,21.71792291666667,0.6067415730337079,,0.258687,0.81648,34.28089,30.62921,121.0,89.0,96648950.0,1.1858766871165645,11640250.0,0.1204384527716028,0.3470627461550281,0.5295735646685553,0.5970727048767731,0.3235161892602041,0.07941110586302283
20212022,VAN,26.972674157476785,0.3102511880515954,0.063815342837746,0.1551724137931034,0.3683385579937304,0.603448275862069,0.599656183638386,0.4270829914207898,21.69013,0.7439024390243902,,0.234817,0.748918,31.9756,31.85365,92.0,82.0,81495834.0,0.9999488834355829,8250000.0,0.10123216850569319,0.2877447698737582,0.48398871096967766,0.47529014796020125,0.42517510772391137,0.09953474431588737
20212022,VGK,27.6549250302968,0.3877551020408163,0.0941408821593153,0.0942857142857142,0.26,0.44,0.4934453781512606,0.4112107163560163,21.755776666666662,0.5365853658536586,,,,,,,,99554167.0,1.2215235214723927,10000000.0,0.10044782957201581,0.28426735768880473,0.5010568486720319,0.6378771970438967,0.2805089414288404,0.08161386152726284
20212022,WSH,29.87653101901004,0.168944099378882,0.2074534161490683,0.1227621483375959,0.3260869565217391,0.4974424552429667,0.5481914504932408,0.464145860185037,20.994389166666668,0.4886363636363636,,,,,,,,89052501.0,1.0926687239263804,9500000.0,0.10667864342181697,0.29982313466973826,0.49607986335810805,0.6527703696946142,0.2959490155138933,0.05128061479149249
20212022,WPG,27.484704208057416,0.2821846553966189,0.0884265279583875,0.1136363636363636,0.3084415584415584,0.5308441558441559,0.5712317985045259,0.4586659830845931,21.53663125,0.8048780487804879,,,,,,,,92963691.0,1.1406587852760737,8250000.0,0.08874432492143626,0.23280978591953713,0.4643030646080031,0.5977461781288352,0.3278520105231192,0.07440181134804555
20222023,ANA,27.624752086435404,0.3426323319027182,0.1702432045779685,0.1233396584440227,0.3301707779886148,0.5673624288425048,0.5648105738402145,0.4118659362727888,20.325212916666665,0.6341463414634146,,0.157205,0.721429,28.36585,39.10975,58.0,82.0,69676667.0,0.8445656606060606,7000000.0,0.1004640477421229,0.2856049357240351,0.44478928848431987,0.48246663405986395,0.38947758508598007,0.12805578085415595
20222023,ARI,25.21529601150728,0.4703919933277731,0.0,0.1692913385826771,0.3799212598425197,0.6200787401574803,0.6023622047244095,0.461095837633191,18.52278833333333,0.5975609756097561,,0.189075,0.746082,25.84146,35.04878,70.0,82.0,59692958.0,0.7235510060606061,7150000.0,0.11977962291632457,0.2948421487171066,0.41910991305708123,0.599645690200174,0.32985465387726304,0.07049965592256292
20222023,BOS,29.401720708818484,0.1082589285714285,0.2137276785714285,0.1133525456292026,0.2478386167146974,0.4236311239193083,0.5279378802433559,0.4387673249573467,22.8142875,0.6136363636363636,,0.238562,0.864687,33.16853,30.0337,141.0,89.0,102502084.0,1.242449503030303,9500000.0,0.09268104246543904,0.22113371860810166,0.41502106323725374,0.5565943810469258,0.3782849917470946,0.06512062720597954
20222023,BUF,24.716447525246675,0.6305353602115004,0.0495703899537343,0.1203585147247119,0.3265044814340589,0.5825864276568502,0.503151777799665,0.2958722542127729,23.19947875,0.3902439024390244,,0.2342,0.730089,32.5,33.04878,91.0,82.0,68585833.0,0.8313434303030303,9000000.0,0.13122243481390683,0.30618568123244927,0.4190700126985407,0.6558448593895477,0.27034252102762973,0.07381261958282259
20222023,CGY,29.10350758665997,0.1192842942345924,0.3207422133863485,0.1035460992907801,0.2737588652482269,0.500709219858156,0.4546099290780141,0.3477838471398686,21.986875,0.7073170731707317,,,,,,,,88066666.0,1.0674747393939394,7000000.0,0.07948523905742043,0.21574564887014117,0.4028986941930255,0.6252744142715702,0.2888436812175903,0.08588190451083955
20222023,CAR,28.39255029558984,0.2737068965517241,0.199353448275862,0.0931603773584905,0.267688679245283,0.4492924528301887,0.4399427223719676,0.3634569925033841,22.51836958333333,0.4329896907216495,,0.194078,0.843334,34.96907,26.44329,129.0,97.0,85469167.0,1.035989903030303,8000000.0,0.09360100584576891,0.26617786037390534,0.420671402973392,0.5695231240524434,0.34456870276973683,0.08590817317781979
20222023,CHI,26.91833289264108,0.3928847641144625,0.0843000773395205,0.0982800982800982,0.2800982800982801,0.5085995085995086,0.5336609336609337,0.4631390181170312,20.67171375,0.4634146341463415,,0.163793,0.761905,26.95121,33.63414,59.0,82.0,91435000.0,1.1083030303030303,10500000.0,0.1148356756165582,0.33357029583857384,0.4932715215336423,0.5389074096352601,0.3473414775523596,0.11375111281238037
20222023,COL,28.42897871846193,0.1711229946524064,0.2388591800356506,0.1454993834771886,0.3600493218249075,0.5696670776818742,0.6620455227113673,0.513763673646378,23.33453166666667,0.7666666666666667,,0.183035,0.751055,29.25609,35.41463,59.0,82.0,85925833.0,1.0415252484848485,9250000.0,0.10765097848978665,0.285711515883704,0.48946715324157575,0.5404467012848162,0.3922762901815569,0.0672770085336269
20222023,CBJ,25.356491945136277,0.5331890331890332,0.0079365079365079,0.1383177570093458,0.319626168224299,0.5233644859813084,0.5956386292834892,0.4858021229893896,21.564685416666663,0.4821428571428571,,,,,,,,94891624.0,1.150201503030303,9750000.0,0.10274879477244482,0.29542473632867744,0.4996724779919659,0.5895844400344544,0.3049443647418238,0.10547119522372175
20222023,DAL,28.43398464084069,0.264440911499735,0.2416534181240063,0.132429614181439,0.3305526590198123,0.5735140771637122,0.5279681215551912,0.3595991426503941,21.619846666666668,0.7920792079207921,,0.25974,0.832192,31.67326,29.78217,128.0,101.0,95995833.0,1.1635858545454545,9850000.0,0.10260862052210121,0.28959590360552423,0.4426280323914833,0.6350015213681203,0.24780589174115505,0.11719258689072473
20222023,DET,26.40867941155791,0.3441265060240964,0.0768072289156626,0.1398230088495575,0.3185840707964602,0.5469026548672566,0.4697753573859768,0.3707492905215139,20.545505833333333,0.6746987951807228,,0.211111,0.783133,28.19512,30.43902,80.0,82.0,77683333.0,0.9416161575757576,6100000.0,0.0785239222421108,0.21851534099341488,0.3991879793220603,0.6686762526010567,0.22190516722551026,0.10941858017343309
20222023,EDM,27.952831300281204,0.2378908645003065,0.117719190680564,0.1792746113989637,0.449740932642487,0.6549222797927461,0.599740932642487,0.4146426958616052,21.694668333333333,0.6382978723404256,,0.340764,0.767802,33.67021,31.38297,121.0,94.0,89619666.0,1.0862989818181819,12500000.0,0.13947831494931034,0.337537522177331,0.48746690147842897,0.6012129078901053,0.33462706723321195,0.06416002487668276
20222023,FLA,27.719378944929574,0.2464065708418891,0.1735112936344969,0.1310344827586207,0.3123152709359605,0.5605911330049261,0.5583908045977011,0.4375913925423367,24.22802833333333,0.6504854368932039,,,,,,,,84745834.0,1.0272222303030303,10000000.0,0.1179999007384835,0.34809970717852634,0.5136388210736902,0.6353311361594483,0.22690397972837226,0.1377648841121795
20222023,LAK,27.11188045571995,0.4252013808975834,0.1398158803222094,0.0967741935483871,0.2795698924731182,0.4946236559139785,0.5152703106332139,0.4093888880058087,22.94818291666667,0.425287356321839,,,,,,,,89511668.0,1.0849899151515152,11000000.0,0.12288900705101373,0.32258364350891106,0.4845855423207863,0.5604390480132713,0.2951663687017876,0.14439458328494112
20222023,MIN,28.621672334784392,0.2340546697038724,0.2522779043280182,0.1007957559681697,0.2838196286472148,0.4814323607427055,0.5970159151193635,0.4886030322044445,21.779789166666664,0.5227272727272727,,0.211678,0.803572,30.89772,31.15909,107.0,88.0,89519166.0,1.0850808,9000000.0,0.10053712966896944,0.26335142577177273,0.4584687543828523,0.5645345936310443,0.38757063487387716,0.047894771495078495
20222023,MTL,26.144964537489088,0.3730263157894737,0.0743421052631578,0.1069692058346839,0.2269043760129659,0.3889789303079417,0.3665268376394319,0.321279954385449,21.73007833333333,0.5,,,,,,,,89471666.0,1.0845050424242424,7875000.0,0.0880166912282599,0.23191699593478007,0.44399380113343456,0.7526777583419537,0.20524188070891627,0.04208036094912997
20222023,NSH,27.772807952933032,0.2563510392609699,0.1093148575827559,0.1076642335766423,0.3102189781021898,0.5291970802919708,0.5239659367396592,0.4037046429547697,21.313675,0.7682926829268293,,,,,,,,95213601.0,1.1541042545454545,9059000.0,0.09514397003008006,0.2684385395737737,0.49506378253102157,0.5320363946743281,0.3899810490310098,0.07798255629466215
20222023,NJD,26.34859687567108,0.4590065828845003,0.03770197486535,0.127906976744186,0.3209302325581395,0.5616279069767441,0.5160206718346254,0.3710934450900089,20.398817916666665,0.5531914893617021,,,,,,,,88531625.0,1.0731106060606062,9000000.0,0.10165858810340372,0.2739134179452823,0.44142927711771307,0.6326924644159644,0.28766556583593716,0.07964196974809849
20222023,NYI,28.42799989748599,0.229647630619684,0.2320777642770352,0.1073825503355704,0.27248322147651,0.4778523489932886,0.5382155546782472,0.4633957307555294,20.718695416666662,0.75,,,,,,,,93483334.0,1.1331313212121212,7000000.0,0.07487965715899692,0.21554644167911255,0.4176501988076615,0.6488144079243044,0.2549117471569852,0.09627384491871033
20222023,NYR,27.311947086081258,0.3616887208569628,0.0504095778197857,0.1162790697674418,0.3292533659730722,0.5556915544675642,0.5507518796992481,0.3959340405213913,21.628237916666663,0.7303370786516854,,,,,,,,103121191.0,1.2499538303030302,11642857.0,0.11290460173215028,0.3068511592345748,0.509640684062509,0.680311421151061,0.2501910591781276,0.0694975196708114
20222023,OTT,25.838763907318103,0.597678916827853,0.1831076724693746,0.1229508196721311,0.3442622950819672,0.575136612021858,0.5857240437158471,0.4266087785604526,22.4624025,0.3950617283950617,,0.235294,0.800676,33.4878,31.36585,86.0,82.0,88686547.0,1.0749884484848484,8205714.0,0.09252490121190535,0.2723717950141863,0.48042644925385214,0.5434482300906359,0.338194844816768,0.11835692509259606
20222023,PHI,26.64857519241317,0.3530655391120507,0.0789288231148696,0.1070175438596491,0.287719298245614,0.5175438596491229,0.5602716468590832,0.4540359211496221,21.28242125,0.6585365853658537,,0.155555,0.746782,29.46341,31.52439,75.0,82.0,74799357.0,0.9066588727272727,7142857.0,0.09549356152887785,0.2793186711484699,0.4612695283090753,0.5679352297105976,0.3570217856284513,0.07504298466095102
20222023,PIT,31.089789347499472,0.1404494382022472,0.3771067415730337,0.1313559322033898,0.3516949152542373,0.5692090395480226,0.5472154963680387,0.3824572662390164,21.99659875,0.573170731707317,,0.217241,0.790875,34.36585,32.76829,91.0,82.0,95241841.0,1.1544465575757576,8700000.0,0.09134640730012768,0.22101630731812502,0.40553405875207726,0.6264666072551034,0.30974840144049715,0.0637849913043995
20222023,STL,28.174157532154943,0.2588832487309644,0.0456852791878172,0.1142410015649452,0.3208137715179969,0.5586854460093896,0.5468440271257171,0.4354438076382756,21.522089583333337,0.7317073170731707,,,,,,,,91177083.0,1.1051767636363636,7500000.0,0.08225751201099513,0.22483719949672,0.44783960067220496,0.5432011901499415,0.36856391863293103,0.08823489121712745
20222023,SJS,28.169528709654823,0.2624113475177305,0.1716312056737588,0.1644951140065146,0.3762214983713355,0.6091205211726385,0.6340933767643866,0.5137741226825256,21.71535833333333,0.5,,,,,,,,90625833.0,1.0984949454545454,11500000.0,0.12689538533676153,0.3049627141082389,0.49194322426592074,0.6108725422694873,0.3158315797218658,0.07329587800864683
20222023,SEA,27.871276473973317,0.1669637551990493,0.1087344028520499,0.0845714285714285,0.2491428571428571,0.4525714285714285,0.4023296703296701,0.3617437708993993,21.466605416666667,0.5208333333333334,,0.190647,0.774908,30.26041,27.53125,114.0,96.0,78485833.0,0.9513434303030303,5900000.0,0.07517280220495334,0.215325484281985,0.3835159001606969,0.6156949751683212,0.2740940521074676,0.11021097272421126
20222023,TBL,28.60434627076824,0.2157434402332361,0.3276967930029154,0.1304824561403508,0.3355263157894737,0.5625,0.5835455574419921,0.4138577124751466,21.54773708333333,0.75,,,,,,,,84210000.0,1.0207272727272727,9500000.0,0.11281320508253176,0.3384396152475953,0.5059120913702138,0.5767426671416697,0.2997565609785061,0.12350077187982425
20222023,TOR,29.115144049788064,0.0982905982905982,0.1944444444444444,0.1204690831556503,0.326226012793177,0.5309168443496801,0.6258503401360545,0.4953369041051265,21.201185833333334,0.5268817204301075,,0.258992,0.809353,32.10752,29.78494,121.0,93.0,103994784.0,1.2605428363636364,11640250.0,0.11193109454412636,0.3225474269940308,0.5311405895484231,0.5879440741951057,0.3200641293701807,0.09199179643471349
20222023,VAN,26.042243823927446,0.3644927536231884,0.0565217391304347,0.1448863636363636,0.3693181818181818,0.6178977272727273,0.6176313920454546,0.4543240603109797,21.698576666666668,0.3902439024390244,,0.227106,0.71605,29.7317,30.81707,83.0,82.0,97484862.0,1.181634690909091,8250000.0,0.08462852417024502,0.2405501687020904,0.47681386825311867,0.49738064972590307,0.4277501772531616,0.07486917302093529
20222023,VGK,28.85451414183317,0.1533512064343163,0.149597855227882,0.0950782997762863,0.2651006711409396,0.4843400447427293,0.47248322147651,0.3855246512968342,20.9789475,0.2977099236641221,,,,,,,,98305818.0,1.1915856727272727,10000000.0,0.10172337917985688,0.28787716307899497,0.45659059030044635,0.5711089652903351,0.3081792880254554,0.12071174668420948
20222023,WSH,29.260593775777515,0.2012987012987013,0.3400974025974026,0.1351351351351351,0.3513513513513513,0.5405405405405406,0.5318532818532817,0.4239134055597608,20.833314583333333,0.6829268292682927,,,,,,,,92044167.0,1.1156868727272726,9500000.0,0.1032113202784485,0.2900781317299552,0.4860627420951331,0.6755633629668244,0.25544801768916003,0.06898861934401558
20222023,WPG,27.92846104140749,0.2529743268628678,0.0782717595491546,0.1122994652406417,0.3074866310160428,0.5334224598930482,0.5410557184750733,0.4187138043646454,21.461885416666668,0.7931034482758621,,,,,,,,88871191.0,1.0772265575757576,8250000.0,0.09283098276470718,0.24353062850254814,0.4468172672514312,0.6006298599058946,0.3198543046418721,0.07951583545223333
20232024,ANA,26.983160748594138,0.3681125439624853,0.1512309495896834,0.1224489795918367,0.3183673469387755,0.5551020408163265,0.5458128078817732,0.4175422676148637,20.64730708333333,0.5365853658536586,,0.178723,0.724243,26.75609,32.51219,59.0,82.0,57419167.0,0.6876546946107784,7000000.0,0.12191051117129581,0.3465741674726838,0.41814388161397487,0.6447179388722236,0.22967069515306623,0.12561136597471015
20232024,ARI,23.342915811088297,1.0,0.0,0.11875,0.303125,0.5125,0.581439393939394,0.5067154062359052,,0.5853658536585366,,0.219917,0.763158,27.71951,31.68292,77.0,82.0,,,,,,,,,
20232024,BOS,27.308606026229207,0.1954507160909857,0.0783487784330244,0.1548556430446194,0.3412073490813648,0.5551181102362205,0.5869720830350751,0.4475480924518231,21.423410416666663,0.5789473684210527,,0.221014,0.829653,28.65263,30.75789,121.0,95.0,74456250.0,0.891691616766467,11250000.0,0.15109544195416771,0.3659867371778729,0.496590403884956,0.526785864181986,0.3520020146058927,0.12121212121212122
20232024,BUF,23.71019648841073,0.6986721144024515,0.0,0.1012006861063464,0.2984562607204116,0.5437392795883362,0.5132933104631217,0.4102112693149626,22.296211666666668,0.6219512195121951,,0.165919,0.798354,30.90243,29.29268,84.0,82.0,48786070.0,0.5842643113772455,7142857.0,0.14641181386408048,0.4149310858611895,0.42272565291931996,0.5388393859148728,0.44399382856622804,0.017166785518899146
20232024,CGY,28.42414691525537,0.2130707251566696,0.1844225604297224,0.1223491027732463,0.3066884176182708,0.5513866231647635,0.5423862293975361,0.4143433735137467,20.84782166666667,0.5853658536585366,,,,,,,,58880833.0,0.7051596766467065,10500000.0,0.17832628149129615,0.4033570652779318,0.478310007095178,0.694425179073129,0.2682112190905995,0.037363601836271576
20232024,CAR,28.491892454542803,0.3259878419452887,0.2104863221884498,0.101,0.279,0.48,0.5052258064516129,0.3986032178749461,19.794878333333333,0.3980582524271844,,0.259649,0.850695,33.6129,25.74193,123.0,93.0,65385000.0,0.7830538922155689,8000000.0,0.12235222145752084,0.36017435191557695,0.4712333755581488,0.532741959164946,0.3730085952435574,0.09424944559149652
20232024,CHI,25.90830599266872,0.4492131616595136,0.105865522174535,0.1328976034858388,0.3311546840958606,0.5424836601307189,0.5390114379084967,0.3920856803298012,21.60284625,0.6463414634146342,,0.165957,0.757576,26.25609,32.69512,52.0,82.0,49210000.0,0.5893413173652695,9500000.0,0.19305019305019305,0.411501727291201,0.3964916505791505,0.5834688071530176,0.31975208290997764,0.09677910993700467
20232024,COL,27.64120271123477,0.18389662027833,0.1013916500994035,0.1547738693467336,0.378894472361809,0.5587939698492462,0.6048528356066045,0.4594197734824683,21.6585325,0.7849462365591398,,0.150943,0.762712,29.9756,34.41463,66.0,82.0,67872083.0,0.8128393173652695,12600000.0,0.18564333733502772,0.454531504506794,0.47609038003848636,0.5579429468814151,0.3683399550298169,0.07371709808876796
20232024,CBJ,26.36102773451584,0.4392439243924392,0.0,0.1034482758620689,0.2741379310344827,0.4482758620689655,0.4960129310344827,0.4416732488576484,21.855345,0.5555555555555556,,,,,,,,59308333.0,0.7102794371257485,9750000.0,0.16439511122324074,0.4397920440623411,0.4641702943984092,0.39918505212412564,0.4920612589128074,0.10875368896306696
20232024,DAL,26.746876510906706,0.4308652988403211,0.1525423728813559,0.1033369214208826,0.271259418729817,0.5026910656620022,0.4315123789020452,0.2967875746132615,20.072537083333334,0.7128712871287128,,0.235087,0.800725,30.88118,28.40594,133.0,101.0,70678334.0,0.8464471137724551,9850000.0,0.13936378296636137,0.39333128593551736,0.46503851912776795,0.6933289344369662,0.2382389630180021,0.0684321025450317
20232024,DET,27.697324904889445,0.3096118299445471,0.1848428835489833,0.0982264665757162,0.2837653478854025,0.4897680763983629,0.385669375407794,0.2534209478402522,20.17544333333333,0.524390243902439,,0.230769,0.795834,28.96341,32.40243,91.0,82.0,56967500.0,0.682245508982036,8700000.0,0.152718655373678,0.4006670470004827,0.3928674617106245,0.5645324088295959,0.33628823451968226,0.0991793566507219
20232024,EDM,28.973661192144,0.2160919540229885,0.2222222222222222,0.1587591240875912,0.3877737226277372,0.6094890510948905,0.5755096904102692,0.3804083427136548,21.446372916666668,0.7476635514018691,,0.27044,0.82622,32.50467,27.42056,134.0,107.0,80974958.0,0.9697599760479042,12500000.0,0.1543687123616662,0.3735722839152322,0.48256879614559356,0.5341049389614997,0.35305153230212233,0.11284352873637798
20232024,FLA,26.970886787875784,0.1295986622073578,0.0,0.1143451143451143,0.3347193347193347,0.5457380457380457,0.5420460248046455,0.3748161271150712,19.41630125,0.7735849056603774,,,,,,,,74677501.0,0.8943413293413174,10000000.0,0.13390914085354838,0.3950319655179677,0.48901031419453544,0.5916998615151838,0.21413188424717106,0.19416825423764514
20232024,LAK,27.221527964174346,0.361236802413273,0.1304675716440422,0.1056803170409511,0.3011889035667107,0.5257595772787318,0.4400467432171526,0.334176183751431,20.38765083333333,0.632183908045977,,,,,,,,70074167.0,0.8392115808383234,11000000.0,0.1569765360179023,0.4120634070469935,0.46371920257154486,0.548038394805321,0.3645542158210743,0.08740738937360468
20232024,MIN,28.0004102254912,0.2565022421524663,0.2538116591928251,0.1509433962264151,0.360062893081761,0.6037735849056604,0.5772066796790283,0.4275542178851947,22.87047875,0.524390243902439,,0.227106,0.745248,30.13414,29.71951,87.0,82.0,66669166.0,0.798433125748503,9000000.0,0.1349949390397354,0.35361174309575133,0.4314969246088678,0.5946401969390167,0.2966138799456408,0.10874592311534241
20232024,MTL,25.532713454531144,0.5016666666666667,0.05,0.1245954692556634,0.3300970873786408,0.5469255663430421,0.5336673974318822,0.4047932229535482,22.34040333333333,0.6557377049180327,,,,,,,,59706666.0,0.7150498922155689,7875000.0,0.1318948205883745,0.3722364936605236,0.41137962366670555,0.7771326571810256,0.20796113452390727,0.014906208295067086
20232024,NSH,29.86569322781378,0.1120917917034421,0.3627537511032657,0.130039011703511,0.3472041612483745,0.5500650195058517,0.505268822025918,0.3630751872545508,20.362582916666668,0.7954545454545454,,,,,,,,42273643.0,0.5062711736526946,9059000.0,0.21429428261008876,0.5336422034883532,0.43921358313703207,0.4959270484448194,0.38579594382249005,0.11827700773269055
20232024,NJD,24.68675558984137,0.5118043844856661,0.1239460370994941,0.1211678832116788,0.327007299270073,0.5401459854014599,0.5589872262773723,0.4333277090450711,20.94630208333333,0.2538461538461538,,,,,,,,72567500.0,0.8690718562874251,9000000.0,0.12402246184586764,0.35553105729148726,0.4596358548937196,0.646914941261584,0.21734936438488303,0.13573569435353292
20232024,NYI,27.84152731301361,0.3361934477379095,0.1934477379095164,0.1221264367816092,0.3290229885057471,0.5718390804597702,0.5214490968801313,0.3667591746826111,21.72528,0.6436781609195402,,,,,,,,82092458.0,0.9831432095808383,9150000.0,0.11145969097429145,0.300271189346042,0.41740594895250105,0.6225292705938955,0.28580579229336756,0.09166493711273696
20232024,NYR,27.253565556383165,0.3803009575923393,0.06703146374829,0.1445396145610278,0.3426124197002141,0.5985010706638115,0.6003904773900997,0.4570820100213022,21.42466458333333,0.7244897959183674,,,,,,,,83541190.0,1.0004932934131736,11642857.0,0.13936666451603094,0.3548292405219509,0.53207635272396,0.5993892354178819,0.30371245609501135,0.09689830848710677
20232024,OTT,25.63964893406896,0.5081029551954243,0.1239275500476644,0.1161695447409733,0.3296703296703296,0.554160125588697,0.5600732600732599,0.4318922102637603,22.417850416666667,0.5975609756097561,,0.180212,0.751021,31.7317,29.65853,78.0,82.0,69124047.0,0.8278328982035928,8350000.0,0.12079732542280112,0.3552412664727226,0.3936968784453805,0.5981138083538424,0.28976891355912654,0.11211727808703098
20232024,PHI,26.108387129948284,0.5582870737509913,0.0475812846946867,0.10625,0.271875,0.4828125,0.5044791666666666,0.3666565125110737,20.749135416666668,0.5975609756097561,,0.122047,0.834025,33.02439,27.13414,87.0,82.0,66697500.0,0.7987724550898203,8000000.0,0.1199445256568837,0.32984744555643014,0.40271850412041577,0.6276597023876457,0.34559016454889613,0.02675013306345815
20232024,PIT,31.805215882473465,0.0310734463276836,0.4576271186440678,0.1417797888386123,0.3273001508295626,0.5716440422322775,0.5515513897866837,0.4113151708384346,22.503924583333333,0.5853658536585366,,0.152671,0.806585,32.7439,30.2317,88.0,82.0,81493032.0,0.9759644550898203,11500000.0,0.1411163594943921,0.3355238641752831,0.33912665345697546,0.5855452402359995,0.3300917187619182,0.08436304100208224
20232024,STL,28.75427766279387,0.248713550600343,0.2066895368782161,0.1362916006339144,0.3423137876386687,0.5435816164817749,0.5264319673986868,0.4030623270464042,22.53645833333333,0.6707317073170732,,,,,,,,70877500.0,0.8488323353293413,8125000.0,0.11463440443017883,0.32097633240450074,0.4131306356965039,0.550633134633699,0.3537794081337519,0.09558745723254912
20232024,SJS,26.993579478411963,0.353763440860215,0.1419354838709677,0.1428571428571428,0.3547619047619048,0.5142857142857142,0.5373737373737375,0.4437205982255257,20.433826666666665,0.7454545454545455,,,,,,,,56425834.0,0.675758491017964,8000000.0,0.14177902979688348,0.35444757449220865,0.4010291810662472,0.5553898237463357,0.34270649858715424,0.10190367766650998
20232024,SEA,28.43239063790389,0.2270531400966183,0.1526570048309178,0.1125226860254083,0.3030852994555354,0.5245009074410163,0.544283121597096,0.446750927828687,19.3347525,0.5609756097560976,,0.206611,0.788289,28.62195,29.15853,81.0,82.0,67673333.0,0.8104590778443114,7350000.0,0.10860998969860107,0.27706630025153334,0.26994297304497117,0.5729484758789699,0.32213575175911613,0.10491577236191396
20232024,TBL,28.30480740371425,0.0,0.1573556797020484,0.175990675990676,0.3881118881118881,0.634032634032634,0.6182419730806827,0.4066412563952357,20.069039166666663,0.6551724137931034,,,,,,,,69112500.0,0.8276946107784431,9500000.0,0.13745704467353953,0.41237113402061853,0.44141119551455965,0.5371676614215952,0.3141616928920239,0.14867064568638091
20232024,TOR,27.36824454063429,0.2938230383973289,0.1669449081803005,0.1323003575685339,0.3575685339690107,0.5709177592371871,0.5734132896305124,0.384771758028092,20.31456083333333,0.5056179775280899,,0.223938,0.760785,32.42696,29.65168,108.0,89.0,72662284.0,0.8702069940119761,11640250.0,0.16019658837038483,0.4616321997255137,0.5537839939927272,0.7283551670354871,0.24948753331233023,0.02215729965218269
20232024,VAN,27.309633298321007,0.2705707931801334,0.0659747961452928,0.1338766006984866,0.3632130384167636,0.580908032596042,0.5491019457841342,0.3813996387765221,21.0369025,0.5473684210526316,,0.215753,0.793919,27.34736,28.37894,123.0,95.0,73482778.0,0.8800332694610778,7850000.0,0.1068277522115454,0.3068746257796623,0.47398326683313186,0.4375061459979099,0.4708246060049608,0.09166924799712935
20232024,VGK,27.66203930441427,0.2182866556836902,0.0733113673805601,0.0910194174757281,0.2548543689320388,0.4453883495145631,0.4951456310679611,0.3805651139132173,22.23453208333333,0.5168539325842697,,,,,,,,86709318.0,1.0384349461077844,10000000.0,0.11532785899665363,0.32637784096052974,0.4778962698060851,0.5743135241820262,0.34948166701068967,0.07620480880728413
20232024,WSH,28.96261502080668,0.3175182481751825,0.3622262773722627,0.132183908045977,0.3601532567049808,0.5574712643678161,0.5494781344959703,0.4530183144938329,21.639875416666666,0.6046511627906976,,,,,,,,72673334.0,0.8703393293413174,9500000.0,0.13072195091531097,0.37427758577857456,0.4486251188090531,0.6714177582660512,0.302896520476135,0.02568572125781377
20232024,WPG,28.05242531095293,0.2825637491385251,0.045485871812543,0.0901734104046242,0.2508670520231214,0.4554913294797688,0.4512138728323698,0.3492807629991128,20.902669166666666,0.7471264367816092,,,,,,,,72557858.0,0.868956383233533,7142857.0,0.09844360344816133,0.26957140879213937,0.3570388593492224,0.5914754401928458,0.32353490920308037,0.08498965060407379
